{
  "products": [
    {
      "id": 1,
      "title": "Сверла кольцевые алмазные диаметром 70 мм",
      "image": "/images/camry.webp",
      "retailPrice": 2350,
      "wholesalePrice": 2120,
      "suppliers": 14,
      "department": "21",
      "section": "21-13",
      "subsection": "21-1316",
      "group": "21-131605",
      "suppliersList": [
        {
          "id": 1,
          "name": "ТОО MarLinStroy",
          "manager": "Шамин Николай",
          "retail": "2 350 ₸",
          "wholesale": "2 120 ₸",
          "unit": "Шт.",
          "region": "Алматы"
        },
        {
          "id": 2,
          "name": "ТОО Snab Royal",
          "manager": "Фарид Мухамеджанов",
          "retail": "2 350 ₸",
          "wholesale": "2 150 ₸",
          "unit": "Шт.",
          "region": "Нур-Султан"
        },
        {
          "id": 3,
          "name": "ТОО Кровля Kerabit",
          "manager": "Каттабеков Алмаз",
          "retail": "2 400 ₸",
          "wholesale": "2 200 ₸",
          "unit": "Шт.",
          "region": "Алматы"
        },
        {
          "id": 4,
          "name": "Almatherm",
          "manager": "Доскалиева Акерке",
          "retail": "2 300 ₸",
          "wholesale": "2 100 ₸",
          "unit": "Шт.",
          "region": "Алматы"
        },
        {
          "id": 5,
          "name": "ИП Адилбеков",
          "manager": "Адилбеков Аскар",
          "retail": "2 350 ₸",
          "wholesale": "2 150 ₸",
          "unit": "Шт.",
          "region": "Алматы"
        }
      ],
      "specs": {
        "diameter": "70 мм",
        "type": "Алмазное",
        "material": "Сталь с алмазным напылением",
        "purpose": "Для сверления отверстий в бетоне, камне, кирпиче"
      },
      "description": "Сверла кольцевые алмазные диаметром 70 мм предназначены для сверления отверстий в твердых материалах, таких как бетон, камень, кирпич и т.д. Алмазное напыление обеспечивает высокую производительность и долговечность инструмента. Особенности: высокая скорость сверления, долгий срок службы, подходит для профессионального использования."
    },
    {
      "id": 2,
      "title": "Плиты перекрытия железобетонные",
      "image": "/images/drill1.jpg",
      "retailPrice": 45000,
      "wholesalePrice": 42000,
      "suppliers": 8,
      "department": "21",
      "section": "21-02",
      "subsection": "21-0206",
      "group": "21-020606",
      "suppliersList": [
        {
          "id": 1,
          "name": "ТОО БетонСтрой",
          "manager": "Иванов Сергей",
          "retail": "45 000 ₸",
          "wholesale": "42 000 ₸",
          "unit": "Шт.",
          "region": "Алматы"
        },
        {
          "id": 2,
          "name": "ЖБИ Комплект",
          "manager": "Петров Алексей",
          "retail": "46 000 ₸",
          "wholesale": "43 000 ₸",
          "unit": "Шт.",
          "region": "Нур-Султан"
        },
        {
          "id": 3,
          "name": "СтройМатериалы KZ",
          "manager": "Сидоров Иван",
          "retail": "44 500 ₸",
          "wholesale": "41 500 ₸",
          "unit": "Шт.",
          "region": "Караганда"
        }
      ],
      "specs": {
        "type": "Железобетонные",
        "material": "Железобетон",
        "purpose": "Для перекрытий в строительстве",
        "thickness": "220 мм"
      },
      "description": "Плиты перекрытия железобетонные используются в строительстве для создания межэтажных перекрытий. Изготовлены из высококачественного железобетона, обладают высокой прочностью и долговечностью. Применяются как в жилищном, так и в промышленном строительстве."
    },
    {
      "id": 3,
      "title": "Металлочерепица красная",
      "image": "/images/drill1.jpg",
      "retailPrice": 3200,
      "wholesalePrice": 2950,
      "suppliers": 12,
      "department": "21",
      "section": "21-10",
      "subsection": "21-1001",
      "group": "21-100101",
      "suppliersList": [
        {
          "id": 1,
          "name": "КровляМастер",
          "manager": "Ахметов Руслан",
          "retail": "3 200 ₸",
          "wholesale": "2 950 ₸",
          "unit": "м²",
          "region": "Алматы"
        },
        {
          "id": 2,
          "name": "СтройКровля",
          "manager": "Нурланов Ерлан",
          "retail": "3 250 ₸",
          "wholesale": "3 000 ₸",
          "unit": "м²",
          "region": "Нур-Султан"
        },
        {
          "id": 3,
          "name": "КровляПлюс",
          "manager": "Сатпаев Арман",
          "retail": "3 150 ₸",
          "wholesale": "2 900 ₸",
          "unit": "м²",
          "region": "Шымкент"
        }
      ],
      "specs": {
        "type": "Металлочерепица",
        "material": "Оцинкованная сталь с полимерным покрытием",
        "purpose": "Для кровельных работ",
        "color": "Красный"
      },
      "description": "Металлочерепица красная - современный кровельный материал, изготовленный из оцинкованной стали с полимерным покрытием. Обладает высокой прочностью, устойчивостью к атмосферным воздействиям и длительным сроком службы. Легко монтируется, имеет привлекательный внешний вид."
    },
    {
      "id": 4,
      "title": "Керамогранит напольный 60x60",
      "image": "/images/drill1.jpg",
      "retailPrice": 4500,
      "wholesalePrice": 4100,
      "suppliers": 10,
      "department": "22",
      "section": "22-02",
      "subsection": "22-0201",
      "group": "22-020104",
      "suppliersList": [
        {
          "id": 1,
          "name": "КерамикаПлюс",
          "manager": "Жумабаев Канат",
          "retail": "4 500 ₸",
          "wholesale": "4 100 ₸",
          "unit": "м²",
          "region": "Алматы"
        },
        {
          "id": 2,
          "name": "ТОО КерамикаСтрой",
          "manager": "Ким Александр",
          "retail": "4 600 ₸",
          "wholesale": "4 200 ₸",
          "unit": "м²",
          "region": "Нур-Султан"
        },
        {
          "id": 3,
          "name": "ИП Керамика",
          "manager": "Исмаилов Рустам",
          "retail": "4 450 ₸",
          "wholesale": "4 050 ₸",
          "unit": "м²",
          "region": "Караганда"
        }
      ],
      "specs": {
        "type": "Керамогранит",
        "material": "Керамогранит",
        "purpose": "Для напольных покрытий",
        "size": "60x60 см",
        "thickness": "10 мм",
        "color": "Бежевый"
      },
      "description": "Керамогранит напольный 60x60 см - прочный и долговечный отделочный материал для пола. Обладает высокой износостойкостью, устойчивостью к влаге и механическим повреждениям. Подходит для использования в жилых и коммерческих помещениях. Легко моется и не требует специального ухода."
    },
    {
      "id": 5,
      "title": "Фанера влагостойкая 12мм",
      "image": "/images/drill1.jpg",
      "retailPrice": 1850,
      "wholesalePrice": 1650,
      "suppliers": 15,
      "department": "21",
      "section": "21-07",
      "subsection": "21-0705",
      "group": "21-070506",
      "suppliersList": [
        {
          "id": 1,
          "name": "ФанераТрейд",
          "manager": "Сулейменов Марат",
          "retail": "1 850 ₸",
          "wholesale": "1 650 ₸",
          "unit": "лист",
          "region": "Алматы"
        },
        {
          "id": 2,
          "name": "ДревоПлюс",
          "manager": "Токаев Нурлан",
          "retail": "1 900 ₸",
          "wholesale": "1 700 ₸",
          "unit": "лист",
          "region": "Нур-Султан"
        },
        {
          "id": 3,
          "name": "ЛесоТорг",
          "manager": "Ахметова Гульнара",
          "retail": "1 800 ₸",
          "wholesale": "1 600 ₸",
          "unit": "лист",
          "region": "Шымкент"
        }
      ],
      "specs": {
        "type": "Фанера",
        "material": "Древесина",
        "purpose": "Для строительных и отделочных работ",
        "thickness": "12 мм",
        "size": "1525x1525 мм",
        "waterproof": "Влагостойкая"
      },
      "description": "Фанера влагостойкая 12мм - многослойный древесный материал, обработанный специальными составами для повышения влагостойкости. Используется для внутренних и наружных работ, в том числе в помещениях с повышенной влажностью. Обладает высокой прочностью, устойчивостью к деформации и долговечностью."
    },
    {
      "id": 6,
      "title": "Краска фасадная акриловая 10л",
      "image": "/images/drill1.jpg",
      "retailPrice": 5600,
      "wholesalePrice": 5100,
      "suppliers": 9,
      "department": "22",
      "section": "22-04",
      "subsection": "22-0402",
      "group": "22-040203",
      "suppliersList": [
        {
          "id": 1,
          "name": "КраскаПро",
          "manager": "Иванов Алексей",
          "retail": "5 600 ₸",
          "wholesale": "5 100 ₸",
          "unit": "шт",
          "region": "Алматы"
        },
        {
          "id": 2,
          "name": "ЛакоКраска",
          "manager": "Петрова Ольга",
          "retail": "5 700 ₸",
          "wholesale": "5 200 ₸",
          "unit": "шт",
          "region": "Нур-Султан"
        },
        {
          "id": 3,
          "name": "КраскаСтрой",
          "manager": "Сидоров Павел",
          "retail": "5 500 ₸",
          "wholesale": "5 000 ₸",
          "unit": "шт",
          "region": "Караганда"
        }
      ],
      "specs": {
        "type": "Фасадная",
        "material": "Акриловая",
        "purpose": "Для наружных работ",
        "volume": "10 л",
        "color": "Белый",
        "waterproof": "Да"
      },
      "description": "Краска фасадная акриловая 10л - высококачественная краска для наружных работ. Обладает высокой устойчивостью к атмосферным воздействиям, ультрафиолетовому излучению и перепадам температур. Образует прочное, эластичное покрытие с высокой адгезией к основанию. Легко наносится, быстро сохнет, экологически безопасна."
    },
    {
      "id": 7,
      "title": "Цемент М500 50кг",
      "image": "/images/drill1.jpg",
      "retailPrice": 1950,
      "wholesalePrice": 1750,
      "suppliers": 20,
      "department": "21",
      "section": "21-13",
      "subsection": "21-1301",
      "group": "21-130101",
      "suppliersList": [
        {
          "id": 1,
          "name": "ЦементТрейд",
          "manager": "Касымов Ерлан",
          "retail": "1 950 ₸",
          "wholesale": "1 750 ₸",
          "unit": "мешок",
          "region": "Алматы"
        },
        {
          "id": 2,
          "name": "СтройМаркет",
          "manager": "Ахметов Дамир",
          "retail": "2 000 ₸",
          "wholesale": "1 800 ₸",
          "unit": "мешок",
          "region": "Нур-Султан"
        },
        {
          "id": 3,
          "name": "ЦементПлюс",
          "manager": "Нурланова Айгуль",
          "retail": "1 900 ₸",
          "wholesale": "1 700 ₸",
          "unit": "мешок",
          "region": "Шымкент"
        }
      ],
      "specs": {
        "type": "Портландцемент",
        "material": "Цемент",
        "purpose": "Для строительных работ",
        "weight": "50 кг",
        "brand": "М500",
        "frost_resistance": "F200"
      },
      "description": "Цемент М500 50кг - высококачественный строительный материал для приготовления бетонных и растворных смесей. Обладает высокой прочностью, морозостойкостью и водонепроницаемостью. Применяется для изготовления бетонных конструкций, фундаментов, стяжек, отмосток и других строительных работ. Соответствует всем требованиям ГОСТ."
    },
    {
      "id": 8,
      "title": "Профиль для гипсокартона 60/27",
      "image": "/images/drill1.jpg",
      "retailPrice": 850,
      "wholesalePrice": 750,
      "suppliers": 14,
      "department": "22",
      "section": "22-03",
      "subsection": "22-0302",
      "group": "22-030201",
      "suppliersList": [
        {
          "id": 1,
          "name": "ПрофильСтрой",
          "manager": "Смирнов Игорь",
          "retail": "850 ₸",
          "wholesale": "750 ₸",
          "unit": "шт",
          "region": "Алматы"
        },
        {
          "id": 2,
          "name": "ГипсоПрофиль",
          "manager": "Козлов Андрей",
          "retail": "900 ₸",
          "wholesale": "800 ₸",
          "unit": "шт",
          "region": "Нур-Султан"
        },
        {
          "id": 3,
          "name": "СтройПрофиль",
          "manager": "Морозова Елена",
          "retail": "830 ₸",
          "wholesale": "730 ₸",
          "unit": "шт",
          "region": "Караганда"
        }
      ],
      "specs": {
        "type": "Потолочный",
        "material": "Оцинкованная сталь",
        "purpose": "Для монтажа гипсокартона",
        "size": "60/27 мм",
        "length": "3 м",
        "thickness": "0.5 мм"
      },
      "description": "Профиль для гипсокартона 60/27 - металлический профиль из оцинкованной стали для монтажа гипсокартонных конструкций. Используется для создания каркасов подвесных потолков и облицовки стен. Обладает высокой прочностью, устойчивостью к коррозии и долговечностью. Легко монтируется, обеспечивает надежное крепление гипсокартонных листов."
    }
  ]
}
